Table Name,Column Name,Primary Key,Business Date
COMM_HUB,ID,TRUE,FALSE
COMM_HUB,PARENT_ID,FALSE,FALSE
COMM_HUB,COMM_GROUP_TYPE_ITEM_ID,FALSE,FALSE
COMM_HUB,MEMBER_NO,FALSE,FALSE
COMM_HUB,PERSON_ID,FALSE,FALSE
COMM_HUB,SUFFIX_NO,FALSE,FALSE
COMM_HUB,EXTRACT_ID,FALSE,FALSE
MED_CLM_HDR,CTRBN,TRUE,FALSE
MED_CLM_HDR,CLMN,TRUE,FALSE
MED_CLM_HDR,CLM_DATE,FALSE,FALSE
MED_CLM_HDR,PREV_CLMN,FALSE,FALSE
MED_CLM_HDR,MICROFILMN,FALSE,FALSE
MED_CLM_HDR,SCHD_CODE,FALSE,FALSE
MED_CLM_HDR,CTRB_OVR_USERID,FALSE,FALSE
MED_CLM_HDR,ASSR_USERID,FALSE,FALSE
MED_CLM_HDR,BRCHN,FALSE,FALSE
MED_CLM_HDR,FILLER_LINEN,FALSE,FALSE
MED_CLM_HDR,BLK_BLL_CHQ_DTE,FALSE,FALSE
MED_CLM_HDR,FED_DEDUCT_IND,FALSE,FALSE
MED_CLM_HDR,MAIL_CLM_IND,FALSE,FALSE
MED_CLM_HDR,CLM_I_DATE,FALSE,FALSE
MED_CLM_HDR,PROVIDER_REF,FALSE,FALSE
MED_CLM_LIN,CTRBN,TRUE,FALSE
MED_CLM_LIN,CLMN,TRUE,FALSE
MED_CLM_LIN,LINEN,TRUE,FALSE
MED_CLM_LIN,DEP_SUFF,FALSE,FALSE
MED_CLM_LIN,SERV_DATE,FALSE,FALSE
MED_CLM_LIN,SERV_STATE,FALSE,FALSE
MED_CLM_LIN,SRV_LMT_GRP,FALSE,FALSE
MED_CLM_LIN,FILLER1,FALSE,FALSE
MED_CLM_LIN,PROVN,FALSE,FALSE
MED_CLM_LIN,FEE_CHGD,FALSE,FALSE
MED_CLM_LIN,CWLTH_BEN,FALSE,FALSE
MED_CLM_LIN,FUND_BEN,FALSE,FALSE
MED_CLM_LIN,PROD_CODE,FALSE,FALSE
MED_CLM_LIN,ASSD_TYPE,FALSE,FALSE
MED_CLM_LIN,BULK_NO_SERV,FALSE,FALSE
MED_CLM_LIN,RFRL_PROVN,FALSE,FALSE
MED_CLM_LIN,RFRL_DATE,FALSE,FALSE
MED_CLM_LIN,ANCL_PROD_CODE,FALSE,FALSE
MED_CLM_LIN,NO_SERVS,FALSE,FALSE
MED_CLM_LIN,RSUB_IND,FALSE,FALSE
MED_CLM_LIN,CHQN,FALSE,FALSE
MED_CLM_LIN,PYEE_CODE,FALSE,FALSE
MED_CLM_LIN,PROV_OVR_USERID,FALSE,FALSE
MED_CLM_LIN,DPT_DISC_IND,FALSE,FALSE
MED_CLM_LIN,BEN_DISC_TYPE,FALSE,FALSE
MED_CLM_LIN,QPW_IND,FALSE,FALSE
MED_CLM_LIN,PREF_RATE_TYPE,FALSE,FALSE
MED_CLM_LIN,MAX_RCHD_IND,FALSE,FALSE
MED_CLM_LIN,MANL_ASSD_IND,FALSE,FALSE
MED_CLM_LIN,CMPLX_LINE_IND,FALSE,FALSE
MED_CLM_LIN,DOH_SPC_PRV_IND,FALSE,FALSE
MED_CLM_LIN,DUP_IND,FALSE,FALSE
MED_CLM_LIN,BEN_PAY_CODE,FALSE,FALSE
MED_CLM_LIN,PROV_OVRD_TYPE,FALSE,FALSE
MED_CLM_LIN,REINS_PROC_DATE,FALSE,FALSE
MED_CLM_LIN,REVIEW_IND,FALSE,FALSE
MED_CLM_LIN,CMPYN,FALSE,FALSE
MED_CLM_LIN,BEN_LMT_GRP,FALSE,FALSE
MED_CLM_LIN,PROD_CODE_TYPE,FALSE,FALSE
MED_CLM_LIN,ITEMN,FALSE,FALSE
MED_CLM_LIN,CALC_NO_SERVS,FALSE,FALSE
MED_CLM_LIN,ROLL_AMT,FALSE,FALSE
MED_CLM_LIN,FED_DEDUCT_IND,FALSE,FALSE
MED_CLM_LIN,PACKAGE_CODE,FALSE,FALSE
MED_CLM_LIN,EFT_PAID_IND,FALSE,FALSE
MED_CLM_LIN,SERV_I_DATE,FALSE,FALSE
MED_CLM_LIN,RFRL_I_DATE,FALSE,FALSE
MED_CLM_LIN,REI_PROC_I_DATE,FALSE,FALSE
MED_CLM_LIN,TIER_AMOUNT,FALSE,FALSE
MED_CLM_LIN,TIER_SERVICES,FALSE,FALSE
MED_CLM_LIN,BEN_STEP_DOWN,FALSE,FALSE
MED_CLM_LIN,TOP_UP_BEN,FALSE,FALSE
MED_CLM_LIN,FUND_BEN_ORIG,FALSE,FALSE
MED_CLM_LIN,LOYALTY_BENEFIT,FALSE,FALSE
MED_CLM_LIN,CLM_REASON_CODE,FALSE,FALSE
MED_CLM_LIN,BODY_PART_NO,FALSE,FALSE
MED_CLM_LIN,PROD_OPT_ID,FALSE,FALSE
MED_CLM_LIN,OPT_ID_HELD_AT_DOS,FALSE,FALSE
PAY_SUM,CTRB_NO,TRUE,FALSE
PAY_SUM,PAY_SUM_ID,TRUE,FALSE
PAY_SUM,FROM_DATE,FALSE,FALSE
PAY_SUM,TO_DATE,FALSE,FALSE
PAY_SUM,PAID_DATE,FALSE,FALSE
PAY_SUM,EFF_PAY_DATE,FALSE,FALSE
PAY_SUM,NET_PAID_AMT,FALSE,FALSE
PAY_SUM,PROC_SRCE_TYPE,FALSE,FALSE
PAY_SUM,PROC_SRCE_ID,FALSE,FALSE
PAY_SUM,DISC_SRCE_TYPE,FALSE,FALSE
PAY_SUM,DISC_SRCE_ID,FALSE,FALSE
PAY_SUM,PAYMENT_SYSTEM,FALSE,FALSE
PAY_SUM,RECEIPT_NO,FALSE,FALSE
PAY_SUM,RENEWAL_NO,FALSE,FALSE
PAY_SUM,RENEWAL_SLIP_NO,FALSE,FALSE
PAY_SUM,PENDING_FLAG,FALSE,FALSE
PAY_SUM,WRITE_OFF_FLAG,FALSE,FALSE
PAY_SUM,STATUS_FLAG,FALSE,FALSE
PAY_SUM,SEQ_NO_DAY,FALSE,FALSE
PAY_SUM,LOAD_DATE,FALSE,FALSE
PAY_SUM,LOAD_TIME,FALSE,FALSE
PAY_SUM,LOAD_USER_ID,FALSE,FALSE
PAY_SUM,LOAD_PGM_NAME,FALSE,FALSE
PAY_SUM,EFF_OVRD_FLAG,FALSE,FALSE
PAY_SUM,REBATE_PRINT_IND,FALSE,FALSE
PAY_SUM,AUDIT_TIMESTAMP,FALSE,FALSE
PAY_SUM,AUDIT_BOSS_USER_ID,FALSE,FALSE
PAY_SUM,AUDIT_OS_USER_ID,FALSE,FALSE
PAY_SUM,AUDIT_ACTION,FALSE,FALSE
PAY_TRN,CTRB_NO,TRUE,FALSE
PAY_TRN,TRAN_ID,TRUE,FALSE
PAY_TRN,TRAN_TYPE,FALSE,FALSE
PAY_TRN,MAINT_TYPE,FALSE,FALSE
PAY_TRN,PAYM_TYPE_RCVD,FALSE,FALSE
PAY_TRN,REIMB_TYPE,FALSE,FALSE
PAY_TRN,AMOUNT,FALSE,FALSE
PAY_TRN,REASON_CODE,FALSE,FALSE
PAY_TRN,REF_ID,FALSE,FALSE
PAY_TRN,LOAD_DATE,FALSE,FALSE
PAY_TRN,LOAD_TIME,FALSE,FALSE
PAY_TRN,LOAD_USER_ID,FALSE,FALSE
PAY_TRN,LOAD_PGM_NAME,FALSE,FALSE
PAY_TRN,TOKEN,FALSE,FALSE
PAY_TRN,PAYMENT_REQUEST_ID,FALSE,FALSE
PAY_TRN_SUM,CTRB_NO,TRUE,FALSE
PAY_TRN_SUM,TRAN_ID,TRUE,FALSE
PAY_TRN_SUM,PAY_SUM_ID,TRUE,FALSE
PAY_TRN_SUM,PAID_AMT,FALSE,FALSE
PAY_TRN_SUM,REIMB_AMT,FALSE,FALSE
PAY_TRN_SUM,REALLOC_AMT,FALSE,FALSE
PAY_TRN_SUM,DISH_AMT,FALSE,FALSE
PAY_TRN_SUM,LOAD_DATE,FALSE,FALSE
PAY_TRN_SUM,LOAD_TIME,FALSE,FALSE
PAY_TRN_SUM,LOAD_USER_ID,FALSE,FALSE
PAY_TRN_SUM,LOAD_PGM_NAME,FALSE,FALSE
HCA_TRN_LOG,INSTITUTION_ID,TRUE,FALSE
HCA_TRN_LOG,MSG_TYPE_ID,TRUE,FALSE
HCA_TRN_LOG,TRMSN_DATE_TIME,TRUE,FALSE
HCA_TRN_LOG,SYS_AUD_NUM,TRUE,FALSE
HCA_TRN_LOG,PROC_CODE,FALSE,FALSE
HCA_TRN_LOG,RET_REF_NO,FALSE,FALSE
HCA_TRN_LOG,TERM_ID,FALSE,FALSE
HCA_TRN_LOG,PROV_ID,FALSE,FALSE
HCA_TRN_LOG,SETTLE_DATE,FALSE,FALSE
HCA_TRN_LOG,LOCAL_DATE_TIME,FALSE,FALSE
HCA_TRN_LOG,TRANS_DATE_TIME,FALSE,FALSE
HCA_TRN_LOG,TRANS_STATUS,FALSE,FALSE
HCA_TRN_LOG,TRANS_STAT_TIME,FALSE,FALSE
HCA_TRN_LOG,RESP_CODE,FALSE,FALSE
HCA_TRN_LOG,TRANS_REV_IND,FALSE,FALSE
HCA_TRN_LOG,TRANS_REV_KEY,FALSE,FALSE
HCA_TRN_LOG,CARD_NO,FALSE,FALSE
HCA_TRN_LOG,CTRB_NO,TRUE,FALSE
HCA_TRN_LOG,TRANS_AMT,FALSE,FALSE
HCA_TRN_LOG,SETTLE_AMT,FALSE,FALSE
HCA_TRN_LOG,CLAIM_NO,FALSE,FALSE
HCA_TRN_LOG,NMHI_PROVIDER,FALSE,FALSE
HCA_TRN_LOG,PROCESS_REGION,FALSE,FALSE
HCA_TRN_LOG,FUND_NO,FALSE,FALSE
HCA_TRN_LOG,NMHI_ERROR_CODE,FALSE,FALSE
HCA_TRN_LOG,AUTH_ID,FALSE,FALSE
HSP_CLM_FRM,CTRBN,TRUE,FALSE
HSP_CLM_FRM,DEP_SUFF,FALSE,FALSE
HSP_CLM_FRM,SCHD_CODE,FALSE,FALSE
HSP_CLM_FRM,CLMN,TRUE,FALSE
HSP_CLM_FRM,BRCHN,FALSE,FALSE
HSP_CLM_FRM,CLM_DATE,FALSE,FALSE
HSP_CLM_FRM,ASES_DATE,FALSE,FALSE
HSP_CLM_FRM,DB_UPD_DATE,FALSE,FALSE
HSP_CLM_FRM,L3B_XTNS_DATE,FALSE,FALSE
HSP_CLM_FRM,RVW_DATE,FALSE,FALSE
HSP_CLM_FRM,PROVN,FALSE,FALSE
HSP_CLM_FRM,PROV_TYPE,FALSE,FALSE
HSP_CLM_FRM,PROV_STATE,FALSE,FALSE
HSP_CLM_FRM,ILNS_CODE,FALSE,FALSE
HSP_CLM_FRM,BEND,FALSE,FALSE
HSP_CLM_FRM,CHQN,FALSE,FALSE
HSP_CLM_FRM,CHQ_STUS,FALSE,FALSE
HSP_CLM_FRM,INVC_STUS,FALSE,FALSE
HSP_CLM_FRM,SIH_IND,FALSE,FALSE
HSP_CLM_FRM,SHARED_WARD_IND,FALSE,FALSE
HSP_CLM_FRM,MEDICARE_IND,FALSE,FALSE
HSP_CLM_FRM,ACCIDENT_IND,FALSE,FALSE
HSP_CLM_FRM,STUDENT_IND,FALSE,FALSE
HSP_CLM_FRM,ASSR_USER_ID,FALSE,FALSE
HSP_CLM_FRM,REVIEW_REASON,FALSE,FALSE
HSP_CLM_FRM,HOSP_INVC_REF,FALSE,FALSE
HSP_CLM_FRM,TOT_XTR_BEND,FALSE,FALSE
HSP_CLM_FRM,CMPYN,FALSE,FALSE
HSP_CLM_FRM,ANDRG,FALSE,FALSE
HSP_CLM_FRM,INTERIM_IND,FALSE,FALSE
HSP_CLM_FRM,HOSP_IP_REF,FALSE,FALSE
HSP_CLM_FRM,CLM_I_DATE,FALSE,FALSE
HSP_CLM_FRM,ASES_I_DATE,FALSE,FALSE
HSP_CLM_FRM,DB_UPD_I_DATE,FALSE,FALSE
HSP_CLM_FRM,L3B_XTNS_I_DATE,FALSE,FALSE
HSP_CLM_FRM,RVW_I_DATE,FALSE,FALSE
HSP_CLM_FRM,TOT_COPAY_AMT,FALSE,FALSE
HSP_CLM_FRM,PROCESS_MODE,FALSE,FALSE
HSP_CLM_FRM,PROD_OPT_ID,FALSE,FALSE
HSP_CLM_FRM,CERTIFICATE1,FALSE,FALSE
HSP_CLM_FRM,CERTIFICATE2,FALSE,FALSE
HSP_CLM_FRM,CERTIFICATE3,FALSE,FALSE
HSP_CLM_FRM,CERTIFICATE4,FALSE,FALSE
HSP_CLM_FRM,CERTIFICATE5,FALSE,FALSE
HSP_CLM_FRM,COND_CODE1,FALSE,FALSE
HSP_CLM_FRM,COND_CODE2,FALSE,FALSE
HSP_CLM_FRM,COND_CODE3,FALSE,FALSE
HSP_CLM_FRM,COND_CODE4,FALSE,FALSE
HSP_CLM_FRM,COND_CODE5,FALSE,FALSE
HSP_CLM_FRM,CURRENT_BATCH_NO,FALSE,FALSE
HSP_CLM_FRM,CURRENT_PROC_STATUS,FALSE,FALSE
HSP_CLM_FRM,USER_ID,FALSE,FALSE
HSP_CLM_FRM,CLAIM_TYPE,FALSE,FALSE
HSP_CLM_FRM,LOAD_TIME,FALSE,FALSE
HSP_CLM_FRM,RVW_I_TIME,FALSE,FALSE
HSP_CLM_FRM,BATCH_TYPE,FALSE,FALSE
HSP_CLM_FRM,INPUT_DATE,FALSE,FALSE
HSP_CLM_FRM,CLM_STATUS,FALSE,FALSE
HSP_CLM_FRM,OLD_BEN_AMT,FALSE,FALSE
HSP_CLM_FRM,LETTER_CODE,FALSE,FALSE
HSP_CLM_FRM,FED_DEDUCT_FLAG,FALSE,FALSE
HSP_CLM_FRM,TOTAL_BENEFIT,FALSE,FALSE
HSP_CLM_FRM,CARE_TYPE,FALSE,FALSE
HSP_CLM_LNE,CTRBN,TRUE,FALSE
HSP_CLM_LNE,CLMN,TRUE,FALSE
HSP_CLM_LNE,LINEN,TRUE,FALSE
HSP_CLM_LNE,SERV_DATE,FALSE,FALSE
HSP_CLM_LNE,SERV_CODE,FALSE,FALSE
HSP_CLM_LNE,SCHD_DOS,FALSE,FALSE
HSP_CLM_LNE,BED_DAYS,FALSE,FALSE
HSP_CLM_LNE,PROD_CODE_PAID,FALSE,FALSE
HSP_CLM_LNE,RATE_PAID,FALSE,FALSE
HSP_CLM_LNE,BEN_XCPT_TYPE,FALSE,FALSE
HSP_CLM_LNE,FEE_CHGD,FALSE,FALSE
HSP_CLM_LNE,FUND_BEN,FALSE,FALSE
HSP_CLM_LNE,RATE_LVL,FALSE,FALSE
HSP_CLM_LNE,DSCH_DATE,FALSE,FALSE
HSP_CLM_LNE,XREF_LINEN,FALSE,FALSE
HSP_CLM_LNE,OLD_ITEMN,FALSE,FALSE
HSP_CLM_LNE,FEDD,FALSE,FALSE
HSP_CLM_LNE,PROV_CAT,FALSE,FALSE
HSP_CLM_LNE,AGREEMENTN,FALSE,FALSE
HSP_CLM_LNE,WARD_TYPE,FALSE,FALSE
HSP_CLM_LNE,SUPP_DOCM_RCVD,FALSE,FALSE
HSP_CLM_LNE,ITEM_SURG_TYPE,FALSE,FALSE
HSP_CLM_LNE,PAT_CAT,FALSE,FALSE
HSP_CLM_LNE,PRD_LVL,FALSE,FALSE
HSP_CLM_LNE,REINS_PAT_CAT,FALSE,FALSE
HSP_CLM_LNE,REINS_PRD_LVL,FALSE,FALSE
HSP_CLM_LNE,BASIC_RATE,FALSE,FALSE
HSP_CLM_LNE,ISRT_DATE,FALSE,FALSE
HSP_CLM_LNE,PAID_DATE,FALSE,FALSE
HSP_CLM_LNE,DIAG_RLTD_GRP,FALSE,FALSE
HSP_CLM_LNE,FED_STUS,FALSE,FALSE
HSP_CLM_LNE,BEN_LMT_GRP,FALSE,FALSE
HSP_CLM_LNE,SRV_LMT_GRP,FALSE,FALSE
HSP_CLM_LNE,BEN_XCS_GRP,FALSE,FALSE
HSP_CLM_LNE,DEP_SUFF,FALSE,FALSE
HSP_CLM_LNE,L3B_XTNS_DATE,FALSE,FALSE
HSP_CLM_LNE,SIH_IND,FALSE,FALSE
HSP_CLM_LNE,SHARED_WARD_IND,FALSE,FALSE
HSP_CLM_LNE,MEDICARE_IND,FALSE,FALSE
HSP_CLM_LNE,ACCIDENT_IND,FALSE,FALSE
HSP_CLM_LNE,STUDENT_IND,FALSE,FALSE
HSP_CLM_LNE,ILNS_CODE,FALSE,FALSE
HSP_CLM_LNE,PROVN,FALSE,FALSE
HSP_CLM_LNE,ACOM_IND,FALSE,FALSE
HSP_CLM_LNE,REINS_DAYS,FALSE,FALSE
HSP_CLM_LNE,XTR_BEND,FALSE,FALSE
HSP_CLM_LNE,PAYM_RQST_IND,FALSE,FALSE
HSP_CLM_LNE,XTR_BEN_IND,FALSE,FALSE
HSP_CLM_LNE,DAY_SURG_GRP,FALSE,FALSE
HSP_CLM_LNE,THTR_GRP,FALSE,FALSE
HSP_CLM_LNE,CMPYN,FALSE,FALSE
HSP_CLM_LNE,INTENSIVE_IND,FALSE,FALSE
HSP_CLM_LNE,INTENS_PRD_LVL,FALSE,FALSE
HSP_CLM_LNE,EX_GRATIA_REAS,FALSE,FALSE
HSP_CLM_LNE,ITEMN,FALSE,FALSE
HSP_CLM_LNE,EPISODE_FEE_IND,FALSE,FALSE
HSP_CLM_LNE,XFER_PENALTY,FALSE,FALSE
HSP_CLM_LNE,BONUS_AMT,FALSE,FALSE
HSP_CLM_LNE,BONUS_COUNT,FALSE,FALSE
HSP_CLM_LNE,PKGE_CODE_PAID,FALSE,FALSE
HSP_CLM_LNE,PKGE_CODE_OVDN,FALSE,FALSE
HSP_CLM_LNE,SERV_I_DATE,FALSE,FALSE
HSP_CLM_LNE,DSCH_I_DATE,FALSE,FALSE
HSP_CLM_LNE,ISRT_I_DATE,FALSE,FALSE
HSP_CLM_LNE,PAID_I_DATE,FALSE,FALSE
HSP_CLM_LNE,L3B_XTNS_I_DATE,FALSE,FALSE
HSP_CLM_LNE,COPAY_AMT,FALSE,FALSE
HSP_CLM_LNE,EXCESS_WAIVER,FALSE,FALSE
HSP_CLM_LNE,REINS_PROC_DATE,FALSE,FALSE
HSP_CLM_LNE,UNB_OVR_IND,FALSE,FALSE
MEMBER_PACKAGE,MEMBER_NO,TRUE,FALSE
MEMBER_PACKAGE,START_DATE,TRUE,TRUE
MEMBER_PACKAGE,END_DATE,FALSE,FALSE
MEMBER_PACKAGE,FUND_NO,FALSE,FALSE
MEMBER_PACKAGE,BADGE_NO,FALSE,FALSE
MEMBER_PACKAGE,PACKAGE_CODE,FALSE,FALSE
MEMBER_PACKAGE,AUDIT_ID,FALSE,FALSE
MEMBER_PACKAGE,AUDIT_TIMESTAMP,FALSE,FALSE
PERSON_COMM_PREF,ID,TRUE,FALSE
PERSON_COMM_PREF,PERSON_ID,FALSE,FALSE
PERSON_COMM_PREF,MEMBER_NO,FALSE,FALSE
PERSON_COMM_PREF,CONTACT_ID,FALSE,FALSE
PERSON_COMM_PREF,COMM_PREF_TYPE_ID,FALSE,FALSE
PERSON_COMM_PREF,START_DATE,FALSE,FALSE
PERSON_COMM_PREF,END_DATE,FALSE,FALSE
PERSON_COMM_PREF,AUDIT_TIMESTAMP,FALSE,FALSE
PERSON_COMM_PREF,AUDIT_ID,FALSE,FALSE
PERSON_NAME,PERSON_ID,TRUE,FALSE
PERSON_NAME,START_DATE,TRUE,TRUE
PERSON_NAME,END_DATE,FALSE,FALSE
PERSON_NAME,TITLE,FALSE,FALSE
PERSON_NAME,FIRST_NAME,FALSE,FALSE
PERSON_NAME,SECOND_NAME,FALSE,FALSE
PERSON_NAME,PREFERRED_NAME,FALSE,FALSE
PERSON_NAME,SURNAME,FALSE,FALSE
PERSON_NAME,DISPLAY_NAME,FALSE,FALSE
PERSON_NAME,AUDIT_ID,FALSE,FALSE
PERSON_NAME,AUDIT_TIMESTAMP,FALSE,FALSE
PERSON_NAME,SUFFIX,FALSE,FALSE
ANCL_EST_HEADER,ESTIMATE_ID,TRUE,FALSE
ANCL_EST_HEADER,MEMBER_NO,FALSE,FALSE
ANCL_EST_HEADER,ESTIMATE_DATE,FALSE,FALSE
ANCL_EST_HEADER,ESTIMATE_FOR,FALSE,FALSE
ANCL_EST_HEADER,REQUESTED_BY,FALSE,FALSE
ANCL_EST_HEADER,IS_QUOTE,FALSE,FALSE
ANCL_EST_HEADER,IS_FINALISED,FALSE,FALSE
ANCL_EST_HEADER,STATUS,FALSE,FALSE
ANCL_EST_HEADER,MESSAGE_ID,FALSE,FALSE
ANCL_EST_HEADER,COMMENTS,FALSE,FALSE
ANCL_EST_HEADER,PROVIDER_STATE,FALSE,FALSE
ANCL_EST_HEADER,PROVIDER_SERVICE,FALSE,FALSE
ANCL_EST_HEADER,AUDIT_ID,FALSE,FALSE
ANCL_EST_LINE,ESTIMATE_ID,TRUE,FALSE
ANCL_EST_LINE,PROVIDER_ID,FALSE,FALSE
ANCL_EST_LINE,IS_PROVIDER_MF_AT_DOS,FALSE,FALSE
ANCL_EST_LINE,SERVICE_DATE,FALSE,FALSE
ANCL_EST_LINE,ITEM_NO,FALSE,FALSE
ANCL_EST_LINE,QTY,FALSE,FALSE
ANCL_EST_LINE,FEE_CHARGED,FALSE,FALSE
ANCL_EST_LINE,BENEFIT,FALSE,FALSE
ANCL_EST_LINE,IS_MF_BENEFIT,FALSE,FALSE
ANCL_EST_LINE,STATUS,FALSE,FALSE
ANCL_EST_LINE,MESSAGE_ID,FALSE,FALSE
ANCL_EST_LINE,LINE_ORDER,TRUE,FALSE
ANCL_EST_LINE,IS_PRIMARY_SCENARIO,FALSE,FALSE
LOCATION_SPATIAL,LOCATION_SPATIAL_ID,TRUE,FALSE
LOCATION_SPATIAL,LAST_UPDATED_DATE,FALSE,FALSE
LOCATION_SPATIAL,EFFECTIVE_DATE,FALSE,FALSE
LOCATION_SPATIAL,SOURCE_TABLE,FALSE,FALSE
LOCATION_SPATIAL,BATCH_ID,FALSE,FALSE
LOCATION_SPATIAL,CONTACT_ID,FALSE,FALSE
LOCATION_SPATIAL,PROVN,FALSE,FALSE
LOCATION_SPATIAL,REGION_ID,FALSE,FALSE
LOCATION_SPATIAL,ADDR_ID,FALSE,FALSE
LOCATION_SPATIAL,BRCHN,FALSE,FALSE
LOCATION_SPATIAL,STATE,FALSE,FALSE
LOCATION_SPATIAL,POSTCODE,FALSE,FALSE
LOCATION_SPATIAL,LOCALITY,FALSE,FALSE
LOCATION_SPATIAL,STREETNAME,FALSE,FALSE
LOCATION_SPATIAL,STREETTYPE,FALSE,FALSE
LOCATION_SPATIAL,STREETSUFFIX,FALSE,FALSE
LOCATION_SPATIAL,POSTALTYPE,FALSE,FALSE
LOCATION_SPATIAL,ADDRESSID,FALSE,FALSE
LOCATION_SPATIAL,HOUSENO1,FALSE,FALSE
LOCATION_SPATIAL,HOUSESUFFIX1,FALSE,FALSE
LOCATION_SPATIAL,HOUSENO2,FALSE,FALSE
LOCATION_SPATIAL,HOUSESUFFIX2,FALSE,FALSE
LOCATION_SPATIAL,FLATTYPE,FALSE,FALSE
LOCATION_SPATIAL,FLATNO,FALSE,FALSE
LOCATION_SPATIAL,LEVELTYPE,FALSE,FALSE
LOCATION_SPATIAL,LEVELNO,FALSE,FALSE
LOCATION_SPATIAL,BUILDINGNAME1,FALSE,FALSE
LOCATION_SPATIAL,BUILDINGNAME2,FALSE,FALSE
LOCATION_SPATIAL,LOTNO,FALSE,FALSE
LOCATION_SPATIAL,POSTALNO,FALSE,FALSE
LOCATION_SPATIAL,POSTALPREFIX,FALSE,FALSE
LOCATION_SPATIAL,POSTALSUFFIX,FALSE,FALSE
LOCATION_SPATIAL,FLAG,FALSE,FALSE
LOCATION_SPATIAL,FLAGSTRING,FALSE,FALSE
LOCATION_SPATIAL,PREADDRESS1,FALSE,FALSE
LOCATION_SPATIAL,PREADDRESS2,TRUE,FALSE
LOCATION_SPATIAL,ADDRESS1,FALSE,FALSE
LOCATION_SPATIAL,ADDRESS2,FALSE,FALSE
LOCATION_SPATIAL,ADDRESS3,FALSE,FALSE
LOCATION_SPATIAL,POSTADDRESS,FALSE,FALSE
LOCATION_SPATIAL,AMENDEDFLAG,FALSE,FALSE
LOCATION_SPATIAL,LATITUDE,FALSE,FALSE
LOCATION_SPATIAL,LONGITUDE,FALSE,FALSE
LOCATION_SPATIAL,RELIABILITY,FALSE,FALSE
LOCATION_SPATIAL,MB_ASGC,FALSE,FALSE
LOCATION_SPATIAL,CD,FALSE,FALSE
LOCATION_SPATIAL,SLA,FALSE,FALSE
LOCATION_SPATIAL,GIFFLAGS,FALSE,FALSE
LOCATION_SPATIAL,DPID,FALSE,FALSE
LOCATION_SPATIAL,BARCODE37,FALSE,FALSE
LOCATION_SPATIAL,BSP,FALSE,FALSE
LOCATION_SPATIAL,NPSP,FALSE,FALSE
LOCATION_SPATIAL,STREETSOUNDEX,FALSE,FALSE
LOCATION_SPATIAL,STREETRSOUNDEX,FALSE,FALSE
LOCATION_SPATIAL,LOCALITYSOUNDEX,FALSE,FALSE
LOCATION_SPATIAL,FLATTYPEMATCH,FALSE,FALSE
LOCATION_SPATIAL,LEVELTYPEMATCH,FALSE,FALSE
LOCATION_SPATIAL,SA1,FALSE,FALSE
LOCATION_SPATIAL,SA2,FALSE,FALSE
LOCATION_SPATIAL,SA2_NAME,FALSE,FALSE
LOCATION_SPATIAL,SA3,FALSE,FALSE
LOCATION_SPATIAL,SA3_NAME,FALSE,FALSE
LOCATION_SPATIAL,SA4,FALSE,FALSE
LOCATION_SPATIAL,SA4_NAME,FALSE,FALSE
LOCATION_SPATIAL,GCC_CODE,FALSE,FALSE
LOCATION_SPATIAL,GCC_NAME,FALSE,FALSE
LOCATION_SPATIAL,MB_ASGS,FALSE,FALSE
CONTACT_TYPE,ID,TRUE,FALSE
CONTACT_TYPE,SHORT_DESC,FALSE,FALSE
CONTACT_TYPE,LONG_DESC,FALSE,FALSE
CONTACT_TYPE,IS_SELECTABLE,FALSE,FALSE
CONTACT_TYPE,SORT_ORDER,FALSE,FALSE
CONTACT_TYPE,START_DATE,FALSE,FALSE
CONTACT_TYPE,END_DATE,FALSE,FALSE
CONTACT_TYPE,LAST_MODIFIED,FALSE,FALSE
ANCL_SERVICE,SERVICE_ID,TRUE,FALSE
ANCL_SERVICE,PROV_TYPE_CODE,FALSE,FALSE
ANCL_SERVICE,SERVICE_DESC,FALSE,FALSE
ANCL_SERVICE,IS_MEMBER_FIRST_EXCLUSIVE,FALSE,FALSE
ANCL_SERVICE,SORT_ORDER,FALSE,FALSE
ANCL_SERVICE,CAN_ESTIMATE_ON_WEB,FALSE,FALSE
PACKAGE_CNS,FUND_NO,TRUE,FALSE
PACKAGE_CNS,PACKAGE_CODE,TRUE,FALSE
PACKAGE_CNS,START_DATE,TRUE,TRUE
PACKAGE_CNS,END_DATE,FALSE,FALSE
PACKAGE_CNS,FAMILY_TYPE,FALSE,FALSE
PACKAGE_CNS,DESC_ABBR,FALSE,FALSE
PACKAGE_CNS,DESC_SHORT,FALSE,FALSE
PACKAGE_CNS,DESC_LONG,FALSE,FALSE
PACKAGE_CNS,DESC_FULL,FALSE,FALSE
PACKAGE_CNS,EDOC_ID,FALSE,FALSE
PACKAGE_CNS,HOSP_PROD_OPT_ID,FALSE,FALSE
PACKAGE_CNS,ANCL_PROD_OPT_ID,FALSE,FALSE
PACKAGE_CNS,NP_PROD_OPT_ID,FALSE,FALSE
PACKAGE_CNS,PACKAGE_SNAPSHOT,FALSE,FALSE
PACKAGE_CNS,UPDATE_DATE,FALSE,FALSE
PACKAGE_CNS,HOSP_HRB_IND,FALSE,FALSE
PACKAGE_CNS,ANCL_HRB_IND,FALSE,FALSE
PACKAGE_CNS,IS_BUNDLE_FLAG,FALSE,FALSE
MSAA_CTRB,MSAA_CONTRIBNO,TRUE,FALSE
MSAA_CTRB,MSAA_MICR_DPT,FALSE,FALSE
MSAA_CTRB,MSAA_RECEIPT_NO,FALSE,FALSE
MSAA_CTRB,MSAA_PAYMENT_IND,FALSE,FALSE
MSAA_CTRB,MSAA_NOTICE_ISS_IND,FALSE,FALSE
MSAA_CTRB,MSAA_RENEWAL_REM_FLAG,FALSE,FALSE
MSAA_CTRB,MSAA_RENEWAL_REM_DATE,FALSE,FALSE
MSAA_CTRB,MSAA_ID_COUNT,FALSE,FALSE
MSAA_CTRB,MSAA_ID_ISSUE_DATE,FALSE,FALSE
MSAA_CTRB,MSAA_ARREARS_CURR,FALSE,FALSE
MSAA_CTRB,MSAA_ARREARS_TOT,FALSE,FALSE
MSAA_CTRB,MSAA_BUS_TYPE,FALSE,FALSE
MSAA_CTRB,MSAA_VIC_CODE,FALSE,FALSE
MSAA_CTRB,MSAA_RATE_CHG_CODES,FALSE,FALSE
MSAA_CTRB,MSAA_FILLER_1,FALSE,FALSE
MSAA_CTRB,MSAA_COUNTRY,FALSE,FALSE
MSAA_CTRB,MSAA_MUNICIPALITY,FALSE,FALSE
MSAA_CTRB,MSAA_ENROL_YR,FALSE,FALSE
MSAA_CTRB,MSAA_ENROLMENTS,FALSE,FALSE
MSAA_CTRB,MSAA_OCCUPATION,FALSE,FALSE
MSAA_CTRB,MSAA_CMPY_NO,FALSE,FALSE
MSAA_CTRB,MSAA_PREV_CMPY_IND,FALSE,FALSE
MSAA_CTRB,MSAA_FILLER_2,FALSE,FALSE
MSAA_CTRB,MSAA_SEND_ARREARS_IND,FALSE,FALSE
MSAA_CTRB,MSAA_LAST_ARREARS_DATE,FALSE,FALSE
MSAA_CTRB,MSAA_RCPT_RATE_CHG_IND,FALSE,FALSE
MSAA_CTRB,MSAA_MAIL_IND,FALSE,FALSE
MSAA_CTRB,MSAA_FILLER_3,FALSE,FALSE
MSAA_CTRB,MSAA_STATUS_IND,FALSE,FALSE
MSAA_CTRB,MSAA_DEP_SUFFIX_COUNT,FALSE,FALSE
MSAA_CTRB,MSAA_LOAD_DATE,FALSE,FALSE
MSAA_CTRB,MSAA_LOAD_PGM_NAME,FALSE,FALSE
MSAA_CTRB,MSAA_CHG_DATE,FALSE,FALSE
MSAA_CTRB,MSAA_CHG_PGM_NAME,FALSE,FALSE
MSAA_CTRB,MSAA_LOAD_AUDIT_ID,FALSE,FALSE
MSAA_CTRB,MSAA_CHG_AUDIT_ID,FALSE,FALSE
HCA_PRV_MAP,INSTITUTION_ID,TRUE,FALSE
HCA_PRV_MAP,HCA_PROV_NO,FALSE,FALSE
HCA_PRV_MAP,FROM_DATE,TRUE,TRUE
HCA_PRV_MAP,TO_DATE,FALSE,FALSE
HCA_PRV_MAP,PROV_TITLE,FALSE,FALSE
HCA_PRV_MAP,FIRST_NAME,FALSE,FALSE
HCA_PRV_MAP,LAST_NAME,FALSE,FALSE
HCA_PRV_MAP,ADDR_LINE,FALSE,FALSE
HCA_PRV_MAP,SUBURB,FALSE,FALSE
HCA_PRV_MAP,STATE,FALSE,FALSE
HCA_PRV_MAP,POST_CODE,FALSE,FALSE
HCA_PRV_MAP,BANK_ACC_NAME,FALSE,FALSE
HCA_PRV_MAP,BANK_ACC_BSB,FALSE,FALSE
HCA_PRV_MAP,BANK_ACC_NO,FALSE,FALSE
HCA_PRV_MAP,P1_PROV_NO,FALSE,FALSE
HCA_PRV_MAP,P5_PROV_NO,FALSE,FALSE
HCA_PRV_MAP,NMHI_CANCEL_IND,FALSE,FALSE
HCA_PRV_MAP,HCA_PROV_TYPE,TRUE,FALSE
HCA_PRV_MAP,HCA_BUS_NAME,FALSE,FALSE
HCA_PRV_MAP,HCA_BUS_TYPE,FALSE,FALSE
HCA_PRV_MAP,HCA_TERM_ID,FALSE,FALSE
HCA_PRV_MAP,PHONE_NO,FALSE,FALSE
HCA_PRV_MAP,MAIL_ADDR_LINE,FALSE,FALSE
HCA_PRV_MAP,MAIL_SUBURB,FALSE,FALSE
HCA_PRV_MAP,MAIL_STATE,FALSE,FALSE
HCA_PRV_MAP,MAIL_POST_CODE,FALSE,FALSE
HCA_PRV_MAP,PRINTER_TYPE,FALSE,FALSE
HCA_PRV_MAP,NMHI_PROV_TYPE,FALSE,FALSE
HCA_PRV_MAP,LAST_UPD_DATE,FALSE,FALSE
HCA_PRV_MAP,LAST_UPD_TIME,FALSE,FALSE
HCA_PRV_MAP,LAST_UPD_USER,FALSE,FALSE
HCA_PRV_MAP,FAX_NO,FALSE,FALSE
HCA_PRV_MAP,MAIL_BUS_NAME,FALSE,FALSE
HCA_PRV_MAP,DISABLE_QUOTE,FALSE,FALSE
HCA_LOG_DAT,RCV_DATE_TIME,TRUE,FALSE
HCA_LOG_DAT,INSTITUTION,TRUE,FALSE
HCA_LOG_DAT,MESSAGE_ID,TRUE,FALSE
HCA_LOG_DAT,REGION_ID,FALSE,FALSE
HCA_LOG_DAT,STATUS_ID,FALSE,FALSE
HCA_LOG_DAT,RET_REF_NO,FALSE,FALSE
HCA_LOG_DAT,PROVIDER_NO,FALSE,FALSE
HCA_LOG_DAT,MEMBER_NO,FALSE,FALSE
HCA_LOG_DAT,HCA_DATA,FALSE,FALSE
HCA_LOG_DAT,HCA_LOG_DAT_SEQ,TRUE,FALSE
COMM_HUB_THEME_DETAILS,COMM_GROUP_TYPE_ITEM_ID,TRUE,FALSE
COMM_HUB_THEME_DETAILS,THEME,TRUE,FALSE
COMM_HUB_THEME_DETAILS,EMAIL_SUBJECT,FALSE,FALSE
COMM_HUB_HIST,ID,TRUE,FALSE
COMM_HUB_HIST,COMM_HUB_ID,FALSE,FALSE
COMM_HUB_HIST,COMM_STATUS_ID,FALSE,FALSE
COMM_HUB_HIST,DELIVERY_METHOD_ID,FALSE,FALSE
COMM_HUB_HIST,EVENT_DATE,FALSE,FALSE
COMM_HUB_HIST,COMMENTS,FALSE,FALSE
COMM_HUB_HIST,ERR_MSG,FALSE,FALSE
COMM_HUB_HIST,CONTACT_ID,FALSE,FALSE
COMM_HUB_HIST,ADDRESS,FALSE,FALSE
COMM_HUB_HIST,TEAM_ID,FALSE,FALSE
COMM_HUB_HIST,SESSION_ID,FALSE,FALSE
COMM_HUB_HIST,USER_ID,FALSE,FALSE
COMM_HUB_HIST,INSERT_TIMESTAMP,FALSE,FALSE
HCA_ITM_MAP,INSTITUTION_ID,TRUE,FALSE
HCA_ITM_MAP,PROV_TYPE,TRUE,FALSE
HCA_ITM_MAP,HCA_ITEM_NO,TRUE,FALSE
HCA_ITM_MAP,FUND_NO,TRUE,FALSE
HCA_ITM_MAP,FROM_DATE,TRUE,TRUE
HCA_ITM_MAP,TO_DATE,FALSE,FALSE
HCA_ITM_MAP,NMHI_ITEM_NO,FALSE,FALSE
HCA_ITM_MAP,TERM_ITEM_NO,FALSE,FALSE
HCA_ITM_MAP,DISABLE_QUOTE,FALSE,FALSE
HCA_ITM_MAP,AUDIT_TIMESTAMP,FALSE,FALSE
HCA_ITM_MAP,AUDIT_BOSS_USER_ID,FALSE,FALSE
HCA_ITM_MAP,AUDIT_OS_USER_ID,FALSE,FALSE
HCA_ITM_MAP,PAY_PRE_EXISTING_IND,FALSE,FALSE
PRT_PRD_HST,CTRBN,TRUE,FALSE
PRT_PRD_HST,DEP_SUFF,FALSE,FALSE
PRT_PRD_HST,FROM_FUND,FALSE,FALSE
PRT_PRD_HST,FROM_FUND_PKG,FALSE,FALSE
PRT_PRD_HST,FUND_FROM_DATE,FALSE,FALSE
PRT_PRD_HST,FUND_TO_DATE,FALSE,FALSE
PRT_PRD_HST,BUPA_PKG_CODE,FALSE,FALSE
PRT_PRD_HST,BUPA_ANC_OPT,FALSE,FALSE
PRT_PRD_HST,BUPA_HSP_OPT,FALSE,FALSE
PRT_PRD_HST,MAX_INCL_GRP,FALSE,FALSE
PRT_PRD_HST,BLP_EXCL_GRP,FALSE,FALSE
PRT_PRD_HST,WP_EXCL_GRP,FALSE,FALSE
PRT_PRD_HST,STATUS,FALSE,FALSE
PRT_PRD_HST,MANL_ENTRY_FLAG,FALSE,FALSE
PRT_PRD_HST,LOAD_USER_ID,FALSE,FALSE
PRT_PRD_HST,LOAD_DATE,FALSE,FALSE
PRT_PRD_HST,LOAD_TIME,FALSE,FALSE
PRT_PRD_HST,DEL_USER_ID,FALSE,FALSE
PRT_PRD_HST,DEL_DATE,FALSE,FALSE
PRT_PRD_HST,DEL_TIME,FALSE,FALSE
PRT_PRD_HST,VERIFY_USER_ID,FALSE,FALSE
PRT_PRD_HST,VERIFY_DATE,FALSE,FALSE
PRT_PRD_HST,VERIFY_TIME,FALSE,FALSE
PERSON_MEMBERSHIP,PERSON_ID,TRUE,FALSE
PERSON_MEMBERSHIP,MEMBER_NO,TRUE,FALSE
PERSON_MEMBERSHIP,RELATIONSHIP,FALSE,FALSE
PERSON_MEMBERSHIP,SUFFIX_NO,FALSE,FALSE
PERSON_MEMBERSHIP,START_DATE,TRUE,TRUE
PERSON_MEMBERSHIP,END_DATE,FALSE,FALSE
PERSON_MEMBERSHIP,AUDIT_TIMESTAMP,FALSE,FALSE
PERSON_MEMBERSHIP,IS_CEASED,FALSE,FALSE
CONTACT,ID,TRUE,FALSE
CONTACT,OWNER_PERSON_ID,FALSE,FALSE
CONTACT,CONTACT_TYPE_ID,FALSE,FALSE
CONTACT,IS_VALID,FALSE,FALSE
CONTACT,IS_UNKNOWN,FALSE,FALSE
CONTACT,STATE,FALSE,FALSE
CONTACT,LOCALITY,FALSE,FALSE
CONTACT,POSTCODE,FALSE,FALSE
CONTACT,START_DATE,FALSE,FALSE
CONTACT,END_DATE,FALSE,FALSE
CONTACT,AUDIT_ID,FALSE,FALSE
CONTACT,AUDIT_TIMESTAMP,FALSE,FALSE
CODE_CTRL,CODE_TYPE,TRUE,FALSE
CODE_CTRL,CODE_VALUE,TRUE,FALSE
CODE_CTRL,ABBR_TEXT,FALSE,FALSE
CODE_CTRL,SHORT_TEXT,FALSE,FALSE
CODE_CTRL,LONG_TEXT,FALSE,FALSE
CODE_CTRL,TEXT_EDOC_ID,FALSE,FALSE
CODE_CTRL,SUP_CODE_VALUE,FALSE,FALSE
CODE_CTRL,REGION_ID,FALSE,FALSE
SRCE_RELN,RELN_SHIP_ID,TRUE,FALSE
SRCE_RELN,PRIM_SRCE_TYPE,FALSE,FALSE
SRCE_RELN,PRIM_SRCE_ID,FALSE,FALSE
SRCE_RELN,RELN_SHIP,FALSE,FALSE
SRCE_RELN,SCND_SRCE_TYPE,FALSE,FALSE
SRCE_RELN,SCND_SRCE_ID,FALSE,FALSE
SRCE_RELN,SCND_SRCE_TITL,FALSE,FALSE
SRCE_RELN,FROM_DATE,FALSE,FALSE
SRCE_RELN,TO_DATE,FALSE,FALSE
SRCE_RELN,SCND_APPL_ID,FALSE,FALSE
SRCE_RELN,CEASE_PROC_DATE,FALSE,FALSE
SRCE_RELN,ADD_PROC_DATE,FALSE,FALSE
SRCE_RELN,LOAD_USER_ID,FALSE,FALSE
SRCE_RELN,REGION_ID,FALSE,FALSE
SRCE_RELN,AUDIT_TIMESTAMP,FALSE,FALSE
SRCE_RELN,AUDIT_BOSS_USER_ID,FALSE,FALSE
SRCE_RELN,AUDIT_OS_USER_ID,FALSE,FALSE
ORG_GNRL,ORG_ID,TRUE,FALSE
ORG_GNRL,ORG_NAME,FALSE,FALSE
ORG_GNRL,ORG_TYPE,FALSE,FALSE
ORG_GNRL,ORG_SUB_TYPE,FALSE,FALSE
ORG_GNRL,ORG_ACN,FALSE,FALSE
ORG_GNRL,FROM_DATE,FALSE,FALSE
ORG_GNRL,TO_DATE,FALSE,FALSE
ORG_GNRL,PHNN,FALSE,FALSE
ORG_GNRL,XREF_ORG_ID,FALSE,FALSE
ORG_GNRL,SALE_AREA,FALSE,FALSE
ORG_GNRL,ABN,FALSE,FALSE
ORG_GNRL,VENDOR_ID,FALSE,FALSE
ORG_GNRL,REGION_ID,FALSE,FALSE
ORG_GNRL,AUDIT_TIMESTAMP,FALSE,FALSE
ORG_GNRL,AUDIT_BOSS_USER_ID,FALSE,FALSE
ORG_GNRL,AUDIT_OS_USER_ID,FALSE,FALSE
MEMBERSHIP_CESSATION,MEMBERSHIP_NO,TRUE,FALSE
MEMBERSHIP_CESSATION,START_DATE,TRUE,TRUE
MEMBERSHIP_CESSATION,END_DATE,FALSE,FALSE
MEMBERSHIP_CESSATION,REASON_ID,FALSE,FALSE
MEMBERSHIP_CESSATION,AUDIT_TIMESTAMP,FALSE,FALSE
MEMBERSHIP_SUSPENSION,MEMBERSHIP_NO,TRUE,FALSE
MEMBERSHIP_SUSPENSION,START_DATE,TRUE,TRUE
MEMBERSHIP_SUSPENSION,END_DATE,FALSE,FALSE
MEMBERSHIP_SUSPENSION,REASON_ID,FALSE,FALSE
MEMBERSHIP_SUSPENSION,AUDIT_TIMESTAMP,FALSE,FALSE
PRODUCT_CNS,FUND_NO,TRUE,FALSE
PRODUCT_CNS,PROD_OPT_ID,TRUE,FALSE
PRODUCT_CNS,PROD_TYPE,TRUE,FALSE
PRODUCT_CNS,DESC_LONG,FALSE,FALSE
PRODUCT_CNS,DESC_FULL,FALSE,FALSE
PRODUCT_CNS,PROD_RANK,FALSE,FALSE
PRODUCT_CNS,PROD_GROUP,FALSE,FALSE
PRODUCT_CNS,EXCESS_AMOUNT,FALSE,FALSE
PRODUCT_CNS,EXCESS_BONUS_IND,FALSE,FALSE
PRODUCT_CNS,COPAY_IND,FALSE,FALSE
PRODUCT_CNS,CORP_IND,FALSE,FALSE
PRODUCT_CNS,OFF_SALE_IND,FALSE,FALSE
PRODUCT_CNS,SRV_SEL_IND,FALSE,FALSE
PRODUCT_CNS,CASHBACK_IND,FALSE,FALSE
PRODUCT_CNS,GAP_BONUS_IND,FALSE,FALSE
PRODUCT_CNS,TOPUP_IND,FALSE,FALSE
PRODUCT_CNS,GAP_FREE_IND,FALSE,FALSE
PRODUCT_CNS,UPDATE_DATE,FALSE,FALSE
PRODUCT_CNS,HRB_IND,FALSE,FALSE
PRODUCT_CNS,MARKET_SEG,FALSE,FALSE
PRODUCT_CNS,RESIDENTIAL_IND,FALSE,FALSE
PRODUCT_CNS,GST_RULE,FALSE,FALSE
PRODUCT_CNS,START_DATE,TRUE,TRUE
PRODUCT_CNS,END_DATE,FALSE,FALSE
CUSTOMER_INFO,CUSTOMER_INFO_ID,TRUE,FALSE
CUSTOMER_INFO,CATEGORY_ID,FALSE,FALSE
CUSTOMER_INFO,PERSON_ID,FALSE,FALSE
CUSTOMER_INFO,SESSION_ID,FALSE,FALSE
CUSTOMER_INFO,POLICY_ID,FALSE,FALSE
CUSTOMER_INFO,STATUS_ID,FALSE,FALSE
CUSTOMER_INFO,DESCRIPTION_TEXT_ID,FALSE,FALSE
CUSTOMER_INFO,CREATE_DATE,FALSE,FALSE
CUSTOMER_INFO,CREATE_SESSION_ID,FALSE,FALSE
CUSTOMER_INFO,FUNCTION_AUDIT_ID,FALSE,FALSE
CUSTOMER_INFO,UPDATE_DATE,FALSE,FALSE
CUSTOMER_INFO_CATEGORY,CATEGORY_ID,TRUE,FALSE
CUSTOMER_INFO_CATEGORY,CATEGORY_DESCRIPTION,FALSE,FALSE
CUSTOMER_INFO_CATEGORY,ALERT_PERIOD_DAYS,FALSE,FALSE
CUSTOMER_INFO_CATEGORY,SYSTEM_ACTION_RECOMMENDED,FALSE,FALSE
CUSTOMER_INFO_CATEGORY,SEVERITY_TYPE,FALSE,FALSE
CUSTOMER_INFO_CATEGORY,TEXT_ID,FALSE,FALSE
CUSTOMER_INFO_CATEGORY,SORT_ORDER,FALSE,FALSE
CUSTOMER_INFO_CATEGORY,ALERT_EXPIRY_TRIGGER,FALSE,FALSE
CUSTOMER_INFO_CATEGORY,IS_OBSOLETE,FALSE,FALSE
CUSTOMER_INFO_CATEGORY,IS_SELECTABLE,FALSE,FALSE
CUSTOMER_INFO_CATEGORY,AUDIT_USER_ID,FALSE,FALSE
CUSTOMER_INFO_CATEGORY,AUDIT_TIMESTAMP,FALSE,FALSE
CUSTOMER_INFO_GROUP,CATEGORY_GROUP_ID,TRUE,FALSE
CUSTOMER_INFO_GROUP,CATEGORY_GROUP_DESCRIPTION,FALSE,FALSE
CUSTOMER_INFO_GROUP,CUSTOMER_INFORMATION_TYPE,FALSE,FALSE
CUSTOMER_INFO_GROUP,SORT_ORDER,FALSE,FALSE
CUSTOMER_INFO_GROUP,IS_OBSOLETE,FALSE,FALSE
CUSTOMER_INFO_GROUP,AUDIT_USER_ID,FALSE,FALSE
CUSTOMER_INFO_GROUP,AUDIT_TIMESTAMP,FALSE,FALSE
CUSTOMER_INFO_TEXT,CUSTOMER_INFO_TEXT_ID,TRUE,FALSE
CUSTOMER_INFO_TEXT,TEXT,FALSE,FALSE
CUSTOMER_INFO_TEXT,AUDIT_USER_ID,FALSE,FALSE
CUSTOMER_INFO_TEXT,AUDIT_TIMESTAMP,FALSE,FALSE
HUGO_SESSION_LOG,SESSION_ID,TRUE,FALSE
HUGO_SESSION_LOG,CLIENT_TYPE,FALSE,FALSE
HUGO_SESSION_LOG,INITIATED_BY,FALSE,FALSE
HUGO_SESSION_LOG,CONTACT_METHOD,FALSE,FALSE
HUGO_SESSION_LOG,PERSON_ID,TRUE,FALSE
HUGO_SESSION_LOG,TEAM_ID,FALSE,FALSE
HUGO_SESSION_LOG,SESSION_STARTTIME,FALSE,FALSE
HUGO_SESSION_LOG,SESSION_ENDTIME,FALSE,FALSE
HUGO_SESSION_LOG,LAST_UPDATE_TIMESTAMP,FALSE,FALSE
HUGO_AUDIT_SESSION_LOG,AUDIT_ID,TRUE,FALSE
HUGO_AUDIT_SESSION_LOG,AUDIT_TYPE_ID,FALSE,FALSE
HUGO_AUDIT_SESSION_LOG,SESSION_ID,FALSE,FALSE
HUGO_AUDIT_SESSION_LOG,PERSON_ID,FALSE,FALSE
HUGO_AUDIT_SESSION_LOG,POLICY_TYPE,FALSE,FALSE
HUGO_AUDIT_SESSION_LOG,POLICY_ID,FALSE,FALSE
HUGO_AUDIT_SESSION_LOG,AUDIT_TIMESTAMP,FALSE,FALSE
HUGO_AUDIT_SESSION_LOG,LAST_UPDATE_TIMESTAMP,FALSE,FALSE
MEMBER_COMM_PREF,ID,TRUE,FALSE
MEMBER_COMM_PREF,MEMBER_NO,FALSE,FALSE
MEMBER_COMM_PREF,CONTACT_ID,FALSE,FALSE
MEMBER_COMM_PREF,COMM_PREF_TYPE_ID,FALSE,FALSE
MEMBER_COMM_PREF,START_DATE,FALSE,FALSE
MEMBER_COMM_PREF,END_DATE,FALSE,FALSE
MEMBER_COMM_PREF,AUDIT_TIMESTAMP,FALSE,FALSE
MEMBER_COMM_PREF,AUDIT_ID,FALSE,FALSE
EXTERNAL_CARD,CARD_ID,TRUE,FALSE
EXTERNAL_CARD,PERSON_ID,FALSE,FALSE
EXTERNAL_CARD,CARD_TYPE,FALSE,FALSE
EXTERNAL_CARD,CARD_NUMBER,FALSE,FALSE
EXTERNAL_CARD,EFFECTIVE_DATE,FALSE,FALSE
EXTERNAL_CARD,EXPIRY_DATE,FALSE,FALSE
EXTERNAL_CARD,END_DATE,FALSE,FALSE
EXTERNAL_CARD,VERIFICATION_DATE,FALSE,FALSE
EXTERNAL_CARD,AUDIT_ID,FALSE,FALSE
EXTERNAL_CARD,AUDIT_TIMESTAMP,FALSE,FALSE
FND_PRD_RTE,CMPYN,TRUE,FALSE
FND_PRD_RTE,SCHD_CODE_RGHT,TRUE,FALSE
FND_PRD_RTE,FROM_DATE,FALSE,FALSE
FND_PRD_RTE,TO_DATE,FALSE,FALSE
FND_PRD_RTE,MED_PROD_CODE,FALSE,FALSE
FND_PRD_RTE,HOSP_PROD_CODE,FALSE,FALSE
FND_PRD_RTE,ANCL_PROD_CODE,FALSE,FALSE
FND_PRD_RTE,FMLY_TYPE,FALSE,FALSE
FND_PRD_RTE,WEEK_RATE01,FALSE,FALSE
FND_PRD_RTE,WEEK_RATE02,FALSE,FALSE
FND_PRD_RTE,WEEK_RATE03,FALSE,FALSE
FND_PRD_RTE,WEEK_RATE04,FALSE,FALSE
FND_PRD_RTE,WEEK_RATE05,FALSE,FALSE
FND_PRD_RTE,WEEK_RATE06,FALSE,FALSE
FND_PRD_RTE,WEEK_RATE07,FALSE,FALSE
FND_PRD_RTE,WEEK_RATE08,FALSE,FALSE
FND_PRD_RTE,WEEK_RATE09,FALSE,FALSE
FND_PRD_RTE,WEEK_RATE10,FALSE,FALSE
FND_PRD_RTE,WEEK_RATE11,FALSE,FALSE
FND_PRD_RTE,WEEK_RATE12,FALSE,FALSE
FND_PRD_RTE,MNTH_RATE01,FALSE,FALSE
FND_PRD_RTE,MNTH_RATE02,FALSE,FALSE
FND_PRD_RTE,MNTH_RATE03,FALSE,FALSE
FND_PRD_RTE,MNTH_RATE04,FALSE,FALSE
FND_PRD_RTE,MNTH_RATE05,FALSE,FALSE
FND_PRD_RTE,MNTH_RATE06,FALSE,FALSE
FND_PRD_RTE,MNTH_RATE07,FALSE,FALSE
FND_PRD_RTE,MNTH_RATE08,FALSE,FALSE
FND_PRD_RTE,MNTH_RATE09,FALSE,FALSE
FND_PRD_RTE,MNTH_RATE10,FALSE,FALSE
FND_PRD_RTE,MNTH_RATE11,FALSE,FALSE
FND_PRD_RTE,MNTH_RATE12,FALSE,FALSE
FND_PRD_RTE,PRD_RATE01,FALSE,FALSE
FND_PRD_RTE,PRD_RATE02,FALSE,FALSE
FND_PRD_RTE,PRD_RATE03,FALSE,FALSE
FND_PRD_RTE,PRD_RATE04,FALSE,FALSE
FND_PRD_RTE,PRD_RATE05,FALSE,FALSE
FND_PRD_RTE,PRD_RATE06,FALSE,FALSE
FND_PRD_RTE,PRD_RATE07,FALSE,FALSE
FND_PRD_RTE,PRD_RATE08,FALSE,FALSE
FND_PRD_RTE,PRD_RATE09,FALSE,FALSE
FND_PRD_RTE,PRD_RATE10,FALSE,FALSE
FND_PRD_RTE,PRD_RATE11,FALSE,FALSE
FND_PRD_RTE,PRD_RATE12,FALSE,FALSE
FND_PRD_RTE,MICRN,FALSE,FALSE
FND_PRD_RTE,DISC_PCT01,FALSE,FALSE
FND_PRD_RTE,DISC_PCT02,FALSE,FALSE
FND_PRD_RTE,DISC_PCT03,FALSE,FALSE
FND_PRD_RTE,DISC_PCT04,FALSE,FALSE
FND_PRD_RTE,DISC_PCT05,FALSE,FALSE
FND_PRD_RTE,DISC_PCT06,FALSE,FALSE
FND_PRD_RTE,DISC_PCT07,FALSE,FALSE
FND_PRD_RTE,DISC_PCT08,FALSE,FALSE
FND_PRD_RTE,DISC_PCT09,FALSE,FALSE
FND_PRD_RTE,DISC_PCT10,FALSE,FALSE
FND_PRD_RTE,DISC_PCT11,FALSE,FALSE
FND_PRD_RTE,DISC_PCT12,FALSE,FALSE
FND_PRD_RTE,STD_WEEKLY_RATE,FALSE,FALSE
FND_PRD_RTE,STD_DLY_RATE,FALSE,FALSE
FND_PRD_RTE,FROM_I_DATE,TRUE,TRUE
FND_PRD_RTE,TO_I_DATE,FALSE,FALSE
FND_PRD_RTE,CLOSED_NEW_BUS,FALSE,FALSE
FND_PRD_RTE,LHC_WEEKLY_CMPN,FALSE,FALSE
FND_PRD_RTE,LHC_MNTHLY_CMPN,FALSE,FALSE
FND_PRD_RTE,GST_RULE,FALSE,FALSE
FND_PRD_RTE,HRB_MONTHLY_AMOUNT,FALSE,FALSE
FND_PRD_RTE,HRB_WEEKLY_AMOUNT,FALSE,FALSE
MEMBERSHIP_INCOME_TIER,MEMBER_NO,TRUE,FALSE
MEMBERSHIP_INCOME_TIER,START_DATE,TRUE,TRUE
MEMBERSHIP_INCOME_TIER,END_DATE,FALSE,FALSE
MEMBERSHIP_INCOME_TIER,INCOME_TIER,FALSE,FALSE
MEMBERSHIP_INCOME_TIER,AUDIT_TIMESTAMP,FALSE,FALSE
PERSON,PERSON_ID,TRUE,FALSE
PERSON,GENDER,FALSE,FALSE
PERSON,DATE_OF_BIRTH,FALSE,FALSE
PERSON,DATE_DECEASED,FALSE,FALSE
PERSON,AUDIT_TIMESTAMP,FALSE,FALSE
REF_DATA_GROUP,GROUP_ID,TRUE,FALSE
REF_DATA_GROUP,GROUP_NAME,FALSE,FALSE
REF_DATA_ITEM_TAB,REF_DATA_ITEM_ID,TRUE,FALSE
REF_DATA_ITEM_TAB,GROUP_ID,FALSE,FALSE
REF_DATA_ITEM_TAB,DB_VALUE,FALSE,FALSE
REF_DATA_ITEM_TAB,SHORT_DESCRIPTION,FALSE,FALSE
REF_DATA_ITEM_TAB,LONG_DESCRIPTION,FALSE,FALSE
REF_DATA_ITEM_TAB,SORT_ORDER,FALSE,FALSE
REF_DATA_ITEM_TAB,USER_SELECTABLE,FALSE,FALSE
REF_DATA_ITEM_TAB,START_DATE,FALSE,FALSE
REF_DATA_ITEM_TAB,END_DATE,FALSE,FALSE
REF_DATA_ITEM_TAB,LAST_MODIFIED,FALSE,FALSE
